[{"model": "auth.user", "pk": 1, "fields": {"password": "pbkdf2_sha256$120000$wXq6HAy54PI2$gLCdX0xCLtcjm9DtNXBI2t3///NFvn2z3rEeZYXjm98=", "last_login": "2018-12-05T02:47:04.492Z", "is_superuser": true, "username": "Jim", "first_name": "Jim", "last_name": "Morris", "email": "FrJamesMorris@gmail.com", "is_staff": true, "is_active": true, "date_joined": "2016-11-14T00:01:36Z", "groups": [], "user_permissions": []}}, {"model": "auth.user", "pk": 2, "fields": {"password": "pbkdf2_sha256$30000$KNDjHJV3UiFz$zuoLc0/cwDVHoe9MK+kiXwMta3yu+hX6NG3E+JmXwQ4=", "last_login": null, "is_superuser": false, "username": "Ben", "first_name": "Ben", "last_name": "Ruby", "email": "marisahey@yahoo.com", "is_staff": false, "is_active": true, "date_joined": "2016-11-16T01:29:30Z", "groups": [], "user_permissions": []}}, {"model": "auth.user", "pk": 3, "fields": {"password": "pbkdf2_sha256$36000$ojVa5xGJsNZN$zFSIHVoGr/kAh75Bqn4fipAwT0cKfr2A6FNyst4TUp0=", "last_login": "2017-12-04T22:46:19Z", "is_superuser": false, "username": "Bill", "first_name": "Bill", "last_name": "Jay", "email": "wmlloydjay@gmail.com", "is_staff": false, "is_active": true, "date_joined": "2016-11-16T01:30:34Z", "groups": [], "user_permissions": []}}, {"model": "auth.user", "pk": 4, "fields": {"password": "pbkdf2_sha256$30000$60stnpaGwl7C$G+rJ2wazkBiV37bAiwm7yU/Y2pO5YnP1fHf2+DAr0Qw=", "last_login": null, "is_superuser": false, "username": "Bob", "first_name": "Bob", "last_name": "Cable", "email": "rtc24@aol.com", "is_staff": false, "is_active": true, "date_joined": "2016-11-16T01:31:32Z", "groups": [], "user_permissions": []}}, {"model": "auth.user", "pk": 5, "fields": {"password": "pbkdf2_sha256$30000$1k9RAGAzsCvT$YaqnMS5EOx0jfOe5ivMq0S0BcRFuN4lVeM/4kVpY5yI=", "last_login": null, "is_superuser": false, "username": "BrianM", "first_name": "Brian", "last_name": "Morris", "email": "brianmorris909@gmail.com", "is_staff": false, "is_active": true, "date_joined": "2016-11-16T01:32:32Z", "groups": [], "user_permissions": []}}, {"model": "auth.user", "pk": 6, "fields": {"password": "pbkdf2_sha256$30000$V4sgg5mkcdPZ$44XT22QQ60OvEgYjC2U9+He1GwmiN+vSVYrZ66UXFjI=", "last_login": null, "is_superuser": false, "username": "BrianR", "first_name": "Brian", "last_name": "Ruby", "email": "bruby@comcast.net", "is_staff": false, "is_active": true, "date_joined": "2016-11-16T01:33:24Z", "groups": [], "user_permissions": []}}, {"model": "auth.user", "pk": 7, "fields": {"password": "pbkdf2_sha256$30000$74pEyIuoweP5$OXZKuQCnuwm8ETSbhyxezMQHrwecj3oIndIhTq9Aoec=", "last_login": null, "is_superuser": false, "username": "Charlie", "first_name": "Charlie", "last_name": "Cable", "email": "katelyncable@gmail.com", "is_staff": false, "is_active": true, "date_joined": "2016-11-16T01:34:23Z", "groups": [], "user_permissions": []}}, {"model": "auth.user", "pk": 8, "fields": {"password": "pbkdf2_sha256$30000$yC1S0r6VuxDz$zQq4aBR87ZzpHSaM1RQGeaiAWV/Y8sfKGKwVO10zzko=", "last_login": null, "is_superuser": false, "username": "Chau", "first_name": "Chau", "last_name": "Morris", "email": "cnguyenmi@gmail.com", "is_staff": false, "is_active": true, "date_joined": "2016-11-16T01:35:14Z", "groups": [], "user_permissions": []}}, {"model": "auth.user", "pk": 9, "fields": {"password": "pbkdf2_sha256$30000$qweor7BYajyA$PWViE01+r0qh6n+BCUD4UHxmaCi+a1sfoHEfDcuLwh8=", "last_login": null, "is_superuser": false, "username": "Craig", "first_name": "Craig", "last_name": "Morris", "email": "cdmorris91@live.com", "is_staff": false, "is_active": true, "date_joined": "2016-11-16T01:35:59Z", "groups": [], "user_permissions": []}}, {"model": "auth.user", "pk": 10, "fields": {"password": "pbkdf2_sha256$36000$520XQMO7kJwC$5x5Pi4QYCqk1FnwJjvDupYAGQTLPBbkNDnLF139VtjA=", "last_login": "2017-12-06T00:08:13Z", "is_superuser": false, "username": "Dave", "first_name": "Dave", "last_name": "Morris", "email": "davidjoycemorris@aol.com", "is_staff": false, "is_active": true, "date_joined": "2016-11-16T01:36:55Z", "groups": [], "user_permissions": []}}, {"model": "auth.user", "pk": 11, "fields": {"password": "pbkdf2_sha256$30000$aSFe8tXxFqtr$NtqgQbSLbOTEIjnKQTJtnQ5X+VEJCCQdesfl5tEZEGs=", "last_login": null, "is_superuser": false, "username": "Evan", "first_name": "Evan", "last_name": "Cable", "email": "katelyncable@gmail.com", "is_staff": false, "is_active": true, "date_joined": "2016-11-16T01:37:56Z", "groups": [], "user_permissions": []}}, {"model": "auth.user", "pk": 12, "fields": {"password": "pbkdf2_sha256$30000$ydL7F8kUBiA5$UU/sG/H1OhyoV4XqHl4ydPnbeK5FkqrlTc7ZcwrlJbM=", "last_login": null, "is_superuser": false, "username": "Harry", "first_name": "Harry", "last_name": "Barr-Morris", "email": "harrybarrmorris@gmail.com", "is_staff": false, "is_active": true, "date_joined": "2016-11-16T01:39:06Z", "groups": [], "user_permissions": []}}, {"model": "auth.user", "pk": 13, "fields": {"password": "pbkdf2_sha256$36000$XZozuKxkRllh$9l1ozXSMC+oZ8fAm63o+Fy2RmwwFMxIUZnGiR36CgEA=", "last_login": "2017-12-05T23:53:21Z", "is_superuser": false, "username": "Jacob", "first_name": "Jacob", "last_name": "Cable", "email": "cablejac@gmail.com", "is_staff": false, "is_active": true, "date_joined": "2016-11-16T01:39:54Z", "groups": [], "user_permissions": []}}, {"model": "auth.user", "pk": 14, "fields": {"password": "pbkdf2_sha256$36000$ZvSUW0UqiuGR$XMX8UX7Nlvu0brYtYLxOcQKf3DMP0O1GxXEh/Wn1f+k=", "last_login": "2017-12-04T22:47:50Z", "is_superuser": false, "username": "Janet", "first_name": "Janet", "last_name": "Cable", "email": "jcable10@aol.com", "is_staff": false, "is_active": true, "date_joined": "2016-11-16T01:40:34Z", "groups": [], "user_permissions": []}}, {"model": "auth.user", "pk": 16, "fields": {"password": "pbkdf2_sha256$36000$GWUdd2eEbA5R$hfYWqVmC8AtWykAGDVqozzdeJz9zu35z9chrNLn1QVQ=", "last_login": "2017-12-06T00:10:01Z", "is_superuser": false, "username": "Joyce", "first_name": "Joyce", "last_name": "Morris", "email": "JMM.1221@yahoo.com", "is_staff": false, "is_active": true, "date_joined": "2016-11-16T01:42:51Z", "groups": [], "user_permissions": []}}, {"model": "auth.user", "pk": 17, "fields": {"password": "pbkdf2_sha256$30000$Tl1K83odAHQi$nVybSazBbVJIhYIcjBoSvda6CWILaL8FbiyNttaGvfU=", "last_login": "2016-12-12T03:12:28.440Z", "is_superuser": false, "username": "Katelyn", "first_name": "Katelyn", "last_name": "Cable", "email": "katelyncable@gmail.com", "is_staff": false, "is_active": true, "date_joined": "2016-11-16T01:43:38Z", "groups": [], "user_permissions": []}}, {"model": "auth.user", "pk": 18, "fields": {"password": "pbkdf2_sha256$30000$NpJDLNaYlDJC$Dhm+oxsuPdq/HQqPcxsWnneoI1I8Ruy8pBmKNopbgZI=", "last_login": "2016-12-13T03:36:17.214Z", "is_superuser": false, "username": "Kevin", "first_name": "Kevin", "last_name": "Morris", "email": "Mrkjm88@gmail.com", "is_staff": false, "is_active": true, "date_joined": "2016-11-16T01:44:15Z", "groups": [], "user_permissions": []}}, {"model": "auth.user", "pk": 19, "fields": {"password": "pbkdf2_sha256$30000$HrXTcY08KGXB$qc8aGuqIWzJNsEP/C99MTIsGrZT7yXYBAmu4L0E3gQs=", "last_login": null, "is_superuser": false, "username": "Madeline", "first_name": "Madeline", "last_name": "Jay", "email": "wj8422@aol.com", "is_staff": false, "is_active": true, "date_joined": "2016-11-16T01:45:05Z", "groups": [], "user_permissions": []}}, {"model": "auth.user", "pk": 20, "fields": {"password": "pbkdf2_sha256$30000$HW3vQ2zg9prE$QSnYQ7PhvixHXMbN84M6IEs0KROscFDl4ilIL6I4TX8=", "last_login": null, "is_superuser": false, "username": "Marisa", "first_name": "Marisa", "last_name": "Ruby", "email": "marisahey@yahoo.com", "is_staff": false, "is_active": true, "date_joined": "2016-11-16T01:45:46Z", "groups": [], "user_permissions": []}}, {"model": "auth.user", "pk": 21, "fields": {"password": "pbkdf2_sha256$30000$7OvrvfpYSa0T$acFK7hojNSicieBt5aBxuEDAvinI7r6Kusm70u7qE2k=", "last_login": null, "is_superuser": false, "username": "Matt", "first_name": "Matt", "last_name": "Cable", "email": "matt.cable8@gmail.com", "is_staff": false, "is_active": true, "date_joined": "2016-11-16T01:46:37Z", "groups": [], "user_permissions": []}}, {"model": "auth.user", "pk": 22, "fields": {"password": "pbkdf2_sha256$36000$9S9oFSh5I1vn$uJUiybHDY9VxikJRUSCCaLa2FnT+UJ4vONKnS+Bq4EU=", "last_login": "2017-12-06T00:54:03.215Z", "is_superuser": false, "username": "Nancy", "first_name": "Nancy", "last_name": "Barr", "email": "nebarr@umich.edu", "is_staff": false, "is_active": true, "date_joined": "2016-11-16T01:47:25Z", "groups": [], "user_permissions": []}}, {"model": "auth.user", "pk": 23, "fields": {"password": "pbkdf2_sha256$30000$aqx91oBiyJcI$u1nQkPvA72FsHd2kmM64mna4wjXAKZLCvk6MbmkGP1Y=", "last_login": null, "is_superuser": false, "username": "Nolan", "first_name": "Nolan", "last_name": "Cable", "email": "katelyncable@gmail.com", "is_staff": false, "is_active": true, "date_joined": "2016-11-16T01:48:12Z", "groups": [], "user_permissions": []}}, {"model": "auth.user", "pk": 24, "fields": {"password": "pbkdf2_sha256$30000$H9dkaPxy484K$VnFZDKE1RsbMpmUpIJZccT5u3+Uqh4zMI4LeEQQ5x/0=", "last_login": null, "is_superuser": false, "username": "Scott", "first_name": "Scott", "last_name": "Morris", "email": "SMorris1573@gmail.com", "is_staff": false, "is_active": true, "date_joined": "2016-11-16T01:49:00Z", "groups": [], "user_permissions": []}}, {"model": "auth.user", "pk": 25, "fields": {"password": "pbkdf2_sha256$30000$nUT9jCJK4UMT$35yzjQ145Vw8+SlFZauTDEGO5t4oSHtab47mtDUhTIo=", "last_login": null, "is_superuser": false, "username": "Tom", "first_name": "Tom", "last_name": "Cable", "email": "tcable88@aol.com", "is_staff": false, "is_active": true, "date_joined": "2016-11-16T01:49:54Z", "groups": [], "user_permissions": []}}, {"model": "auth.user", "pk": 28, "fields": {"password": "pbkdf2_sha256$36000$QRgFY8JCTztZ$tXw0VrbjcV61g6s5n+x/WfUSQH9BXevNohdzWGAFz2g=", "last_login": null, "is_superuser": false, "username": "Abby", "first_name": "Abby", "last_name": "Schultz", "email": "shortnessofgirlchild@gmail.com", "is_staff": false, "is_active": true, "date_joined": "2017-12-07T18:18:24Z", "groups": [], "user_permissions": []}}, {"model": "auth.user", "pk": 29, "fields": {"password": "pbkdf2_sha256$120000$nkS61HcraOqM$9vsPMer+jUG92wkRYIY9LkPa35oJsVmPzxOBt0txtBs=", "last_login": null, "is_superuser": false, "username": "Anne", "first_name": "Anne", "last_name": "LaFree", "email": "Anne.lafree@gmail.com", "is_staff": false, "is_active": true, "date_joined": "2018-11-24T01:09:47Z", "groups": [], "user_permissions": []}}, {"model": "auth.user", "pk": 30, "fields": {"password": "pbkdf2_sha256$120000$5zGtQftecN9p$hNu+vM7j4HHA4kiDlCWNZXcQ6c2XOls3DgfJgX/si5Y=", "last_login": null, "is_superuser": false, "username": "Evelyn", "first_name": "Evelyn", "last_name": "Morris", "email": "cnguyenmi@gmail.com", "is_staff": false, "is_active": true, "date_joined": "2018-11-24T01:12:00Z", "groups": [], "user_permissions": []}}, {"model": "gift.gift", "pk": 1, "fields": {"gift_number": 1, "description": "It's simply amazing what they're putting into books these days. It's also amazing that I managed to get two of these without knowing it. This gift is identical to Gift 13. I even used the same wrapping paper for both of them!", "wrapped": true, "selected": false, "receiver": null}}, {"model": "gift.gift", "pk": 2, "fields": {"gift_number": 2, "description": "I would have loved this as a kid or, for that matter, when I was teaching. A parishioner at a former parish knew me well enough to give it to me for a birthday gift one year. I'm trying to downsize, though, and I'm willing to give up one of my favorite kind of toys. (Ages 8 and up.)", "wrapped": true, "selected": false, "receiver": null}}, {"model": "gift.gift", "pk": 3, "fields": {"gift_number": 3, "description": "Mission impossible? Not necessarily. Practice on this simple version: NFSSZ DISJTUNBT! This book contains a lot of such things.", "wrapped": true, "selected": true, "receiver": 1}}, {"model": "gift.gift", "pk": 4, "fields": {"gift_number": 4, "description": "The human body needs exercise or it can get pretty flabby. I know that from experience! Well, the brain is part of the body. You wouldn't want it to get flabby would you? This gift might help stave off the flabby brain problem.", "wrapped": true, "selected": false, "receiver": null}}, {"model": "gift.gift", "pk": 5, "fields": {"gift_number": 5, "description": "I don't want to force or pressure you to take this of course, but it was here last year and it reminds me of what was probably my first-ever Science class. Ages 8 and up it says.", "wrapped": true, "selected": false, "receiver": null}}, {"model": "gift.gift", "pk": 6, "fields": {"gift_number": 6, "description": "Here's a different kind of a brain game -- one for when you want to relax. Unless, of course, these two characters raise philosophical questions too difficult to ponder. Don't worry. You can snap back to reality on a moment's notice.", "wrapped": true, "selected": false, "receiver": null}}, {"model": "gift.gift", "pk": 7, "fields": {"gift_number": 7, "description": "American Plastic Bricks were never like this! But it's not LEGO either. You can build moving things, but I don't think they move by themselves. They do light up however! Ages 8-14 they say.", "wrapped": true, "selected": false, "receiver": null}}, {"model": "gift.gift", "pk": 8, "fields": {"gift_number": 8, "description": "Stack 'em up, knock 'em down, roll 'em around. Who knows what contraptions you could build? Comes with a guidebook to give you some ideas but, after that, it's up to your imagination. Ages 7+", "wrapped": true, "selected": false, "receiver": null}}, {"model": "gift.gift", "pk": 9, "fields": {"gift_number": 9, "description": "Was it a cat I saw? Backwards or forwards, always the same. It could be the most curious thing you've ever seen... or read.", "wrapped": true, "selected": false, "receiver": null}}, {"model": "gift.gift", "pk": 10, "fields": {"gift_number": 10, "description": "Now this one could be scary, or at least very strange! If you loved the Twilight Zone, or it's sort of crafty tales, you might enjoy reading this and other books by this author.", "wrapped": true, "selected": false, "receiver": null}}, {"model": "gift.gift", "pk": 11, "fields": {"gift_number": 11, "description": "It's hard telling what you might end up weaving together with this kit, maybe something decorative, maybe even something useful, though you probably wouldn't want to make a hot pad with it!", "wrapped": true, "selected": false, "receiver": null}}, {"model": "gift.gift", "pk": 12, "fields": {"gift_number": 12, "description": "Here are more than two hundred old familiar stories in their original form... well, almost original, they are translated into English at least. Be careful, though, they have not been sanitized by Disney or anyone else and could even be quite politically incorrect if not out and out grimm.", "wrapped": true, "selected": false, "receiver": null}}, {"model": "gift.gift", "pk": 13, "fields": {"gift_number": 13, "description": "for you Adventure fans, this is a duplicate of Gift 1that allows you to color your way through some twisty little things.", "wrapped": true, "selected": false, "receiver": null}}, {"model": "gift.gift", "pk": 14, "fields": {"gift_number": 14, "description": "Yes, even grown-ups can do this. All you need is a pencil and the left side of your brain. The beauty of what results is entirely up to you.", "wrapped": true, "selected": false, "receiver": null}}, {"model": "gift.gift", "pk": 15, "fields": {"gift_number": 15, "description": "It's a BOLD new world... or is that a BRAVE new world? I suppose you and your family or friends can work that out as you play. It's from the makers of a well-known card game.", "wrapped": true, "selected": false, "receiver": null}}, {"model": "gift.gift", "pk": 16, "fields": {"gift_number": 16, "description": "Hey! This little guy can fly! I guess a space cadet in the hand is worth two in the bush. Ages 8+ it says.", "wrapped": true, "selected": false, "receiver": null}}, {"model": "gift.gift", "pk": 17, "fields": {"gift_number": 17, "description": "If you were locked in a room and could only communicate by teletype, would we be able to distinguish you from a computer? Could you solve the enigma of World War II? if so you may be able to solve these outside-the-box variety of puzzles.", "wrapped": true, "selected": false, "receiver": null}}, {"model": "gift.gift", "pk": 18, "fields": {"gift_number": 18, "description": "\"It's the little things that get me!\" Have you ever said that? You may need this tough thing to help keep all those little things in line. Maybe even two or three lines.", "wrapped": true, "selected": false, "receiver": null}}, {"model": "gift.gift", "pk": 19, "fields": {"gift_number": 19, "description": "Speaking of little things, you know how they always like to get into the silliest places? If you don't grasp what I mean, or aren't the kind to stick to it long enough to solve the problem, this gift may be for you.", "wrapped": true, "selected": false, "receiver": null}}, {"model": "gift.gift", "pk": 20, "fields": {"gift_number": 20, "description": "More exercise for the brain here. These seem a bit easier than some I've seen lately but good old number one still hasn't gotten number one.", "wrapped": true, "selected": false, "receiver": null}}, {"model": "gift.gift", "pk": 21, "fields": {"gift_number": 21, "description": "Don't get all hung up over still another puzzle book. This one promises to be a pleasant pastime in spite of its grisly context. I got the one on pages 50/51 without having to guess at all!", "wrapped": true, "selected": false, "receiver": null}}, {"model": "gift.gift", "pk": 22, "fields": {"gift_number": 22, "description": "These, they say, are challenging. You have to connect things one after the other after the other. Get the picture? To make it easier, I suppose, they included five connecting tools in different colors.", "wrapped": true, "selected": false, "receiver": null}}, {"model": "gift.gift", "pk": 23, "fields": {"gift_number": 23, "description": "Another exercise for the brain. Originally intended for gifted third-graders perhaps you can use them to stave off the onset of Alzheimers.* You've got to be able to add, subtract, multiply and divide but there are no fractions or decimals to worry about.\r\n\r\n<hr>\r\n<small class=\"text-success\"><i>* Delay of Alzheimer's not guaranteed.</i></small>", "wrapped": true, "selected": false, "receiver": null}}, {"model": "gift.gift", "pk": 24, "fields": {"gift_number": 24, "description": "How many weird things to you know? Do you notice anything weird about the spelling of the word weird? Select this gift to expand your knowledge of the weird.", "wrapped": true, "selected": false, "receiver": null}}, {"model": "gift.gift", "pk": 25, "fields": {"gift_number": 25, "description": "Can you find the winning color: green, white, blue, orange, yellow or red? Rubik's at it again, though I doubt that he really had much to do with this. Two to six players, ages 7 and up.", "wrapped": true, "selected": false, "receiver": null}}, {"model": "gift.gift", "pk": 26, "fields": {"gift_number": 26, "description": "Stick 'em up! Or stick 'em down! Play it in the car or on the side of the refrigerator. Some people even play it by mail. It's an old game, but still popular.", "wrapped": true, "selected": false, "receiver": null}}, {"model": "gift.gift", "pk": 27, "fields": {"gift_number": 27, "description": "These things are always good to have around, especially if you sometimes need to go beyond using your fingers and toes. It only has 8 digits, not 20, but for most purposes, that's quite enough.", "wrapped": true, "selected": false, "receiver": null}}, {"model": "gift.gift", "pk": 28, "fields": {"gift_number": 28, "description": "Imagine a long trip in a car. you're tired of playing the alphabet game, and \"I Spy\" got boring many many miles ago. Don't just blurt out annoying complaints, put your mouth to work in another way. 3players, ages 10 to adult it says. And you don't really even need a car!", "wrapped": true, "selected": false, "receiver": null}}, {"model": "gift.gift", "pk": 29, "fields": {"gift_number": 29, "description": "\"Fools names and fools faces are often seen in public places.\" Mom used to say that didn't she? When you select this gift, even if you make the headlines, it won't be all bad. you might even win. It says 2 to 6 players, ages 8 and up but I think it could be fun for anyone who can read.", "wrapped": true, "selected": false, "receiver": null}}, {"model": "gift.gift", "pk": 30, "fields": {"gift_number": 30, "description": "This gift will... uh... um... I forgot what I was going to say. Maybe I should be in here with the others.", "wrapped": true, "selected": false, "receiver": null}}, {"model": "gift.gift", "pk": 31, "fields": {"gift_number": 31, "description": "If you're good at pursuing unimportant things then this could be the gift for you. It's the first edition of Gift 32.", "wrapped": true, "selected": false, "receiver": null}}, {"model": "gift.gift", "pk": 32, "fields": {"gift_number": 32, "description": "These gifts seem to be designed as a solitaire version but I think it could be adapted for group play easily enough. This is the second edition of Gift 31.", "wrapped": true, "selected": false, "receiver": null}}, {"model": "gift.gift", "pk": 33, "fields": {"gift_number": 33, "description": "It would not be fun to get into one of these but it could be fun to play. I remember Richard Dawson starting it off may years ago but I don't know who the guy on the front of the box is. 3 or more players ages 10 and up.", "wrapped": true, "selected": false, "receiver": null}}, {"model": "gift.gift", "pk": 34, "fields": {"gift_number": 34, "description": "You've heard of a ship in a bottle? This isn't it. It does, however, have the power to move, just not over the water I don't think. It may even be Roman Catholic since the packaging says something about it being an RC version. The biggest puzzle may be how to get it out of its package.", "wrapped": true, "selected": false, "receiver": null}}, {"model": "gift.gift", "pk": 35, "fields": {"gift_number": 35, "description": "I haven't actually gotten this one yet but, no matter, it's the only one for an infant and, at the moment anyway, we only have one infant in the family. Perhaps she ought to pick this one, hint, hint!", "wrapped": true, "selected": false, "receiver": null}}, {"model": "gift.comment", "pk": 1, "fields": {"gift": 2, "user": 1, "comment": "I do not know what to say."}}, {"model": "gift.comment", "pk": 2, "fields": {"gift": 2, "user": 1, "comment": "I do not know what to say."}}, {"model": "gift.comment", "pk": 3, "fields": {"gift": 2, "user": 1, "comment": "Why can't I use apostrophes? Well, that time I could. But it wouldn't let me say I don't know what to say. Hmm... it did this time. Is it just a problem in responsive mode?"}}, {"model": "gift.comment", "pk": 4, "fields": {"gift": 2, "user": 1, "comment": "Can I say can apostrophe t? No, not when I am in responsive mode."}}, {"model": "gift.comment", "pk": 5, "fields": {"gift": 2, "user": 1, "comment": "Can I say can't in Google Chrome? Apparently. But Chrome seems to have other problems in displaying a large gap between the description and the first comment."}}, {"model": "gift.comment", "pk": 6, "fields": {"gift": 1, "user": 1, "comment": "Here is my first comment on gift 1."}}, {"model": "gift.comment", "pk": 7, "fields": {"gift": 2, "user": 1, "comment": "Can I say can't in Microsoft Edge? It seems so."}}, {"model": "gift.comment", "pk": 8, "fields": {"gift": 1, "user": 1, "comment": "Can I say can't in Google Chrome? Yes I can."}}, {"model": "gift.comment", "pk": 9, "fields": {"gift": 3, "user": 1, "comment": "Can I say can't in Firefox in normal mode? Yes."}}, {"model": "gift.comment", "pk": 10, "fields": {"gift": 3, "user": 1, "comment": "Can I say can't in Microsoft Edge in responsive mode? Yes."}}, {"model": "gift.comment", "pk": 11, "fields": {"gift": 3, "user": 1, "comment": "Can I say can't in Chrome in responsive mode? Yes."}}, {"model": "gift.comment", "pk": 12, "fields": {"gift": 4, "user": 1, "comment": "Can I say can(apostrophe)t in Firefox in Responsive mode? No!"}}, {"model": "gift.comment", "pk": 13, "fields": {"gift": 5, "user": 1, "comment": "And this is a remark about gift number 5."}}, {"model": "memory.memory", "pk": 1, "fields": {"memory": "I can only vaguely recall Christmas at Grandpa's and all I remember is that is was loud and crowded.", "user": 10}}, {"model": "memory.memory", "pk": 2, "fields": {"memory": "At the moment, my earliest Christmas memory is being at grandpa's, receiving a little toy piano, sitting on a couch with cousin Kathy, who also got a piano. As I recall, we were playing them and she reached over and ripped a page from my music book that came with the piano. I don't remember what happened after that. I find it odd that this scene is what I remember.", "user": 14}}, {"model": "memory.memory", "pk": 5, "fields": {"memory": "I think my earliest Christmas memory was at Grampa's house. I saw a toy gas station there and I just knew it must be mind. I kept waiting and waiting for Grampa to call my name. I even helped him along: \"J-I-M-M-Y\" in case he didn't know how to spell it.", "user": 1}}, {"model": "memory.memory", "pk": 6, "fields": {"memory": "My Christmas memory is most often the coffee cake, moist and warm that mom somehow produced in the midst of gifts, Mass, etc.", "user": 19}}, {"model": "memory.memory", "pk": 7, "fields": {"memory": "One of my fondest Christmas memories was the time spent every Christmas while I was at home, making dozens of cookies with my mom while we played Christmas music and talked.", "user": 20}}, {"model": "memory.memory", "pk": 8, "fields": {"memory": "I never saw it happen but I remember that Santa Claus came down an old register in the kitchen ceiling. We didn't have a fireplace for him to use.", "user": 1}}, {"model": "memory.memory", "pk": 9, "fields": {"memory": "One year, when I was stationed at New Buffalo, it was looking like it was going to be a brown Christmas -- no snow anywhere, just dead brown grass.  I remember coming out the front doors of the church after Midnight Mass to the most beautiful white fluffy snowflakes!  It was just like a movie!", "user": 1}}, {"model": "memory.memory", "pk": 10, "fields": {"memory": "Waiting upstairs on Christmas morning,  waiting to be called down to use bathroom,  and trying to sneak a peek at tree when it was my turn.", "user": 5}}, {"model": "memory.memory", "pk": 11, "fields": {"memory": "The living room, so dark and mysterious as we came down for early mass.  Dad at the kitchen stove,  Mom's coffee cake and a doll I named Pat.", "user": 19}}, {"model": "memory.memory", "pk": 12, "fields": {"memory": "Doing extra chores to earn money to buy Christmas gifts.", "user": 14}}, {"model": "memory.memory", "pk": 13, "fields": {"memory": "I remember staring out the windows Christmas eve looking for Rudolphs red nose up in the sky. With planes coming and going from the airport we were convinced any red light was Rodolph at the front of Santa's sleigh.", "user": 24}}, {"model": "memory.memory", "pk": 14, "fields": {"memory": "Chocolate covered cherries", "user": 14}}, {"model": "memory.memory", "pk": 15, "fields": {"memory": "Baby doll clothes made by Mom in secret.", "user": 14}}, {"model": "memory.memory", "pk": 16, "fields": {"memory": "Dr Dentons from Aunt Helen", "user": 14}}, {"model": "memory.memory", "pk": 17, "fields": {"memory": "The thing that I remember the most is getting up before the sun to go to Mass.  And no peeking to see if Santa had come.", "user": 14}}, {"model": "memory.memory", "pk": 18, "fields": {"memory": "I received that electric football game that I had been dreaming about. Later that day I was in the bathroom and heard what sounded like the hair clippers. I was so depressed, I thought Dad decided Christmas would be a good day to cut my hair. Instead he had got out the football game, what a reli", "user": 10}}, {"model": "memory.memory", "pk": 19, "fields": {"memory": "I remember examining the Christmas ornaments on Uncle Jim's tree several times throughout the day in the hopes that there was still more candy hidden inside of them.", "user": 18}}, {"model": "memory.memory", "pk": 20, "fields": {"memory": "I remember our first Christmas here. Everything was so pretty with the lights and the snow! My parents drove us around to see all the lights. It was cold but we were still very excited!", "user": 8}}, {"model": "memory.memory", "pk": 21, "fields": {"memory": "I remember Madeline and I, on the day before Christmas, going to the golf course for sledding. I think Pat Gary and maybe the Wiley girls were involved too. We were hoping to make the time go faster.", "user": 1}}, {"model": "trivia.triviaquestion", "pk": 1, "fields": {"number": 1, "text": "Which of the following Christmas carols is two-hundred years old this year (2018)?", "publish": true, "attempted_count": 1, "correct_count": 0, "explanation": "The hymn was composed by Franz Xaver Gruber in 1818 to lyrics by Joseph Mohr. It was first performed on Christmas Eve 1818.", "link": "https://en.wikipedia.org/wiki/Silent_Night"}}, {"model": "trivia.triviaquestion", "pk": 2, "fields": {"number": 2, "text": "In which year did Hallmark introduce their first Christmas cards?", "publish": false, "attempted_count": 1, "correct_count": 0, "explanation": "The \"Hall Brothers\" company, which later changed its name to Hallmark, adapted a new format for the cards: \"book\" style, 4\" x 6\". The standard before had been a post card.", "link": "https://www.smithsonianmag.com/history/history-christmas-card-180957487/"}}, {"model": "trivia.triviaquestion", "pk": 3, "fields": {"number": 3, "text": "Which of the following states does not grow Christmas trees?", "publish": false, "attempted_count": 1, "correct_count": 1, "explanation": "Actually, all of the states grow Christmas trees.", "link": ""}}, {"model": "trivia.triviaquestion", "pk": 4, "fields": {"number": 4, "text": "We're not sure when Santa got his flying vehicle, but it was first written about in which of the following years?", "publish": false, "attempted_count": 0, "correct_count": 0, "explanation": "Washington Irving wrote about it first, but he thought Santa used a flying wagon. Later, Clement Moore wrote that it was a sleigh being pulled by reindeer.", "link": "https://historicaldigression.com/2014/12/06/santa-claus-was-made-by-washington-irving/"}}, {"model": "trivia.triviaquestion", "pk": 5, "fields": {"number": 5, "text": "How old was Brenda Lee when she first recorded \"Rockin' Around the Christmas Tree\" in 1958?", "publish": false, "attempted_count": 0, "correct_count": 0, "explanation": "\"Despite her mature-sounding voice, Lee recorded this song when she was only thirteen years old.\"", "link": "https://en.wikipedia.org/wiki/Rockin%27_Around_the_Christmas_Tree"}}, {"model": "trivia.triviaquestion", "pk": 6, "fields": {"number": 6, "text": "In the Gospel of Luke, how many wise men, or magi, are reported to have visited the newborn Christ?", "publish": false, "attempted_count": 0, "correct_count": 0, "explanation": "Luke doesn't tell the story of the Wise Men at all. We learn about them from the Gospel of Matthew.", "link": ""}}, {"model": "trivia.triviaquestion", "pk": 7, "fields": {"number": 7, "text": "Which country abolished the observance of Christmas from 1640 until 1958? (Were they going for the Grinch award?)", "publish": false, "attempted_count": 0, "correct_count": 0, "explanation": "Church and State were closely linked in Scotland and, after the Reformation, the traditional Christian festival days fell out of favor.", "link": "https://en.wikipedia.org/wiki/Christmas_in_Scotland"}}, {"model": "trivia.triviaquestion", "pk": 8, "fields": {"number": 8, "text": "Which Christmas gifts given to prisoners of war in Germany during World War II revealed hidden escape routes?", "publish": false, "attempted_count": 0, "correct_count": 0, "explanation": "When the cards were soaked in water they could peel apart to reveal the secret maps.", "link": "https://www.bicyclecards.com/article/a-map-inside-the-cards/"}}, {"model": "trivia.triviaquestion", "pk": 9, "fields": {"number": 9, "text": "Which Christmas holiday treat was inspired by a well-known old story?", "publish": false, "attempted_count": 0, "correct_count": 0, "explanation": "The witch in Hansel and Gretel lived in a gingerbread house which they were eating before they got into trouble.", "link": "https://en.wikipedia.org/wiki/Gingerbread_house"}}, {"model": "trivia.triviaquestion", "pk": 10, "fields": {"number": 10, "text": "What traditional Christmas decoration is actually a parasitic plant?", "publish": false, "attempted_count": 0, "correct_count": 0, "explanation": "\"Mistletoe species grow on a wide range of host trees, some of which experience side effects including reduced growth, stunting, and loss of distal branches that bear individuals\" (Wikipedia)", "link": "https://en.wikipedia.org/wiki/Mistletoe"}}, {"model": "trivia.triviachoice", "pk": 1, "fields": {"question": 1, "choice_text": "God Rest Ye Merry Gentlemen", "correct": false}}, {"model": "trivia.triviachoice", "pk": 2, "fields": {"question": 1, "choice_text": "Silent Night", "correct": true}}, {"model": "trivia.triviachoice", "pk": 3, "fields": {"question": 1, "choice_text": "The First Noel", "correct": false}}, {"model": "trivia.triviachoice", "pk": 4, "fields": {"question": 1, "choice_text": "It Came Upon a Midnight Clear", "correct": false}}, {"model": "trivia.triviachoice", "pk": 5, "fields": {"question": 2, "choice_text": "1885", "correct": false}}, {"model": "trivia.triviachoice", "pk": 6, "fields": {"question": 2, "choice_text": "1900", "correct": false}}, {"model": "trivia.triviachoice", "pk": 7, "fields": {"question": 2, "choice_text": "1915", "correct": true}}, {"model": "trivia.triviachoice", "pk": 8, "fields": {"question": 2, "choice_text": "1930", "correct": false}}, {"model": "trivia.triviachoice", "pk": 9, "fields": {"question": 3, "choice_text": "Alaska", "correct": false}}, {"model": "trivia.triviachoice", "pk": 10, "fields": {"question": 3, "choice_text": "Florida", "correct": false}}, {"model": "trivia.triviachoice", "pk": 11, "fields": {"question": 3, "choice_text": "Hawaii", "correct": false}}, {"model": "trivia.triviachoice", "pk": 12, "fields": {"question": 3, "choice_text": "None of the above.", "correct": true}}, {"model": "trivia.triviachoice", "pk": 13, "fields": {"question": 4, "choice_text": "Around 1783 after the first human flight in a hot-air balloon made by the Montgolfier brothers.", "correct": false}}, {"model": "trivia.triviachoice", "pk": 14, "fields": {"question": 4, "choice_text": "1819 when Washington Irving wrote a book to be published on the Feast of St. Nicholas.", "correct": true}}, {"model": "trivia.triviachoice", "pk": 15, "fields": {"question": 4, "choice_text": "1822 when Clement Moore gave his daughters the poem \"Twas the Night Before Christmas\" as a Christmas Gift.", "correct": false}}, {"model": "trivia.triviachoice", "pk": 16, "fields": {"question": 4, "choice_text": "1903, about the time of the Wright brother's first flight.", "correct": false}}, {"model": "trivia.triviachoice", "pk": 17, "fields": {"question": 5, "choice_text": "13", "correct": true}}, {"model": "trivia.triviachoice", "pk": 18, "fields": {"question": 5, "choice_text": "18", "correct": false}}, {"model": "trivia.triviachoice", "pk": 19, "fields": {"question": 5, "choice_text": "21", "correct": false}}, {"model": "trivia.triviachoice", "pk": 20, "fields": {"question": 5, "choice_text": "24", "correct": false}}, {"model": "trivia.triviachoice", "pk": 21, "fields": {"question": 6, "choice_text": "None", "correct": true}}, {"model": "trivia.triviachoice", "pk": 22, "fields": {"question": 6, "choice_text": "Three", "correct": false}}, {"model": "trivia.triviachoice", "pk": 23, "fields": {"question": 6, "choice_text": "Four", "correct": false}}, {"model": "trivia.triviachoice", "pk": 24, "fields": {"question": 6, "choice_text": "He just says \"magi\" he doesn't say how many.", "correct": false}}, {"model": "trivia.triviachoice", "pk": 25, "fields": {"question": 7, "choice_text": "Turkey", "correct": false}}, {"model": "trivia.triviachoice", "pk": 26, "fields": {"question": 7, "choice_text": "Germany", "correct": false}}, {"model": "trivia.triviachoice", "pk": 27, "fields": {"question": 7, "choice_text": "The Netherlands", "correct": false}}, {"model": "trivia.triviachoice", "pk": 28, "fields": {"question": 7, "choice_text": "Scotland", "correct": true}}, {"model": "trivia.triviachoice", "pk": 29, "fields": {"question": 8, "choice_text": "Doubleday Books", "correct": false}}, {"model": "trivia.triviachoice", "pk": 30, "fields": {"question": 8, "choice_text": "Hershey's Chocolate", "correct": false}}, {"model": "trivia.triviachoice", "pk": 31, "fields": {"question": 8, "choice_text": "Camel Cigarettes", "correct": false}}, {"model": "trivia.triviachoice", "pk": 32, "fields": {"question": 8, "choice_text": "Bicycle Playing Cards", "correct": true}}, {"model": "trivia.triviachoice", "pk": 33, "fields": {"question": 9, "choice_text": "Chestnuts (whether roasting on an open fire or not)", "correct": false}}, {"model": "trivia.triviachoice", "pk": 34, "fields": {"question": 9, "choice_text": "Gingerbread House", "correct": true}}, {"model": "trivia.triviachoice", "pk": 35, "fields": {"question": 9, "choice_text": "Sugar Plums", "correct": false}}, {"model": "trivia.triviachoice", "pk": 36, "fields": {"question": 9, "choice_text": "Gum Drops", "correct": false}}, {"model": "trivia.triviachoice", "pk": 37, "fields": {"question": 10, "choice_text": "Mistletoe", "correct": true}}, {"model": "trivia.triviachoice", "pk": 38, "fields": {"question": 10, "choice_text": "Holly", "correct": false}}, {"model": "trivia.triviachoice", "pk": 39, "fields": {"question": 10, "choice_text": "Poinsetta", "correct": false}}, {"model": "trivia.triviachoice", "pk": 40, "fields": {"question": 10, "choice_text": "Various evergreen plants", "correct": false}}, {"model": "trivia.triviaresponse", "pk": 16, "fields": {"user": 1, "question": 1, "response": 1, "correct": false}}, {"model": "trivia.triviaresponse", "pk": 17, "fields": {"user": 1, "question": 2, "response": 5, "correct": false}}, {"model": "trivia.triviaresponse", "pk": 18, "fields": {"user": 1, "question": 3, "response": 12, "correct": true}}]